XCOLLAR,YCOLLAR,ZCOLLAR,Ni
408225.78,87323.75,495.57,1.19
408225.78,87323.75,494.57,1.75
408225.78,87323.75,493.57,0.36
408225.78,87323.75,492.57,2.56
408225.78,87323.75,491.57,2.51
408225.78,87323.75,490.57,2.02
408225.78,87323.75,489.57,1.31
408225.78,87323.75,488.57,1.25
408225.78,87323.75,487.57,1.23
408225.78,87323.75,486.57,0.91
408225.78,87323.75,485.57,0.34
408225.78,87323.75,484.57,0.35
408225.78,87323.75,483.57,0.28
408225.78,87323.75,482.57,0.4
408225.78,87323.75,481.57,1.02
408225.78,87323.75,480.57,0.76
408225.78,87323.75,479.57,1.47
408225.78,87323.75,478.57,1.92
408225.78,87323.75,477.57,1.22
408225.78,87323.75,476.57,0.12
408225.78,87323.75,475.57,0.19
408225.78,87323.75,474.57,0.19
408225.78,87323.75,473.57,0.14
408225.72,87350.05,488.82,0.9
408225.72,87350.05,487.82,0.97
408225.72,87350.05,486.82,1.03
408225.72,87350.05,485.82,1.19
408225.72,87350.05,484.82,2.07
408225.72,87350.05,483.82,2.33
408225.72,87350.05,482.82,2.29
408225.72,87350.05,481.82,1.68
408225.72,87350.05,480.82,1.4
408225.72,87350.05,479.82,2.16
408225.72,87350.05,478.82,2.25
408225.72,87350.05,477.82,2.08
408225.72,87350.05,476.82,1.37
408225.72,87350.05,475.82,0.44
408225.72,87350.05,474.82,0.72
408225.72,87350.05,473.82,0.52
408225.72,87350.05,472.82,0.52
408225.72,87350.05,471.82,0.48
408225.72,87350.05,470.82,0.45
408225.72,87350.05,469.82,0.92
408225.72,87350.05,468.82,0.29
408225.72,87350.05,467.82,1.07
408225.72,87350.05,466.82,2.03
408225.72,87350.05,465.82,1.37
408225.72,87350.05,464.82,1.08
408225.72,87350.05,463.82,1.34
408224.91,87375.23,492.29,1.16
408224.91,87375.23,491.29,1.23
408224.91,87375.23,490.29,1.51
408224.91,87375.23,489.29,2.43
408224.91,87375.23,488.29,2.35
408224.91,87375.23,487.29,2.32
408224.91,87375.23,486.29,2.79
408224.91,87375.23,485.29,2.84
408224.91,87375.23,484.29,2.38
408224.91,87375.23,483.29,2.46
408224.91,87375.23,482.29,1.77
408224.91,87375.23,481.29,2.12
408224.91,87375.23,480.29,2.6
408224.91,87375.23,479.29,2.18
408224.91,87375.23,478.29,2.48
408224.91,87375.23,477.29,1.61
408224.91,87375.23,476.29,1.37
408224.91,87375.23,475.29,2.26
408224.91,87375.23,474.29,1.54
408224.91,87375.23,473.29,2.53
408224.91,87375.23,472.29,2
408224.91,87375.23,471.29,1.96
408224.91,87375.23,470.29,2.08
408224.91,87375.23,469.29,2.61
408224.91,87375.23,468.29,1.78
408224.91,87375.23,467.29,2.28
408225.47,87149.85,525.24,0.61
408225.47,87149.85,524.24,0.54
408225.47,87149.85,523.24,0.87
408225.47,87149.85,522.24,1.14
408225.47,87149.85,521.24,1.19
408225.47,87149.85,520.24,0.8
408225.47,87149.85,519.24,1.04
408225.47,87149.85,518.24,0.61
408225.47,87149.85,517.24,1
408225.47,87149.85,516.24,2.11
408225.47,87149.85,515.24,1.62
408225.47,87149.85,514.24,1.2
408225.47,87149.85,513.24,1.74
408225.47,87149.85,512.24,2
408225.47,87149.85,511.24,1.81
408225.47,87149.85,510.24,2.3
408225.47,87149.85,509.24,2.37
408225.47,87149.85,508.24,1.68
408225.47,87149.85,507.24,2.78
408225.47,87149.85,506.24,2.08
408225.47,87149.85,505.24,2.18
408225.47,87149.85,504.24,2.34
408225.47,87149.85,503.24,2.39
408225.47,87149.85,502.24,2.6
408225.47,87149.85,501.24,2.6
408224.81,87174.98,521.44,0.65
408224.81,87174.98,520.44,0.68
408224.81,87174.98,519.44,1.19
408224.81,87174.98,518.44,0.99
408224.81,87174.98,517.44,1.3
408224.81,87174.98,516.44,1.3
408224.81,87174.98,515.44,1.31
408224.81,87174.98,514.44,1.76
408224.81,87174.98,513.44,2.21
408224.81,87174.98,512.44,2.39
408224.81,87174.98,511.44,1.51
408224.81,87174.98,510.44,0.74
408224.81,87174.98,509.44,0.34
408224.81,87174.98,508.44,0.97
408224.81,87174.98,507.44,1.81
408224.81,87174.98,506.44,2.2
408224.81,87174.98,505.44,1.69
408224.81,87174.98,504.44,1.06
408224.81,87174.98,503.44,0.16
408224.81,87174.98,502.44,0.16
408224.81,87174.98,501.44,0.27
408224.81,87174.98,500.44,0.24
408224.81,87174.98,499.44,0.22
408224.81,87174.98,498.44,0.21
408224.81,87174.98,497.44,0.29
408224.91,87199.93,519.52,0.54
408224.91,87199.93,518.52,0.9
408224.91,87199.93,517.52,1
408224.91,87199.93,516.52,1.23
408224.91,87199.93,515.52,1.08
408224.91,87199.93,514.52,1.26
408224.91,87199.93,513.52,1.36
408224.91,87199.93,512.52,1.21
408224.91,87199.93,511.52,1.37
408224.91,87199.93,510.52,1.06
408224.91,87199.93,509.52,1.56
408224.91,87199.93,508.52,0.71
408224.91,87199.93,507.52,0.22
408224.91,87199.93,506.52,0.66
408224.91,87199.93,505.52,0.41
408224.91,87199.93,504.52,0.18
408224.91,87199.93,503.52,0.26
408224.91,87199.93,502.52,0.16
408225.09,87226.41,517.23,0.44
408225.09,87226.41,516.23,0.68
408225.09,87226.41,515.23,0.84
408225.09,87226.41,514.23,0.89
408225.09,87226.41,513.23,0.8
408225.09,87226.41,512.23,1.13
408225.09,87226.41,511.23,1.25
408225.09,87226.41,510.23,1.02
408225.09,87226.41,509.23,1.33
408225.09,87226.41,508.23,1.25
408225.09,87226.41,507.23,1.59
408225.09,87226.41,506.23,1.31
408225.09,87226.41,505.23,1.62
408225.09,87226.41,504.23,2.88
408225.09,87226.41,503.23,1.87
408225.09,87226.41,502.23,1.67
408225.09,87226.41,501.23,2.25
408225.09,87226.41,500.23,2.14
408225.09,87226.41,499.23,1.99
408225.09,87226.41,498.23,2.21
408225.09,87226.41,497.23,1.85
408225.09,87226.41,496.23,0.95
408225.09,87226.41,495.23,0.2
408225.09,87226.41,494.23,0.19
408225.09,87226.41,493.23,0.23
408225.44,87249.54,514.23,0.74
408225.44,87249.54,513.23,1.14
408225.44,87249.54,512.23,1.27
408225.44,87249.54,511.23,1.45
408225.44,87249.54,510.23,1.51
408225.44,87249.54,509.23,1.5
408225.44,87249.54,508.23,1.57
408225.44,87249.54,507.23,3.06
408225.44,87249.54,506.23,3.03
408225.44,87249.54,505.23,3.33
408225.44,87249.54,504.23,3
408225.44,87249.54,503.23,1.14
408225.44,87249.54,502.23,1.1
408225.44,87249.54,501.23,1.09
408225.44,87249.54,500.23,0.28
408225.44,87249.54,499.23,1.55
408225.44,87249.54,498.23,2.29
408225.44,87249.54,497.23,2.01
408225.44,87249.54,496.23,1.52
408225.44,87249.54,495.23,1
408225.09,87274.76,510.4,0.94
408225.09,87274.76,509.4,1.16
408225.09,87274.76,508.4,1.1
408225.09,87274.76,507.4,0.92
408225.09,87274.76,506.4,0.88
408225.09,87274.76,505.4,0.9
408225.09,87274.76,504.4,2.01
408225.09,87274.76,503.4,2.5
408225.09,87274.76,502.4,2.12
408225.09,87274.76,501.4,1.88
408225.09,87274.76,500.4,2.35
408225.09,87274.76,499.4,2.13
408225.09,87274.76,498.4,1.67
408225.09,87274.76,497.4,1.99
408225.09,87274.76,496.4,1.6
408225.09,87274.76,495.4,1.7
408225.09,87274.76,494.4,1.98
408225.09,87274.76,493.4,1.18
408225.09,87274.76,492.4,0.31
408225.09,87274.76,491.4,2.03
408225.09,87274.76,490.4,1.4
408225.09,87274.76,489.4,0.98
408225.09,87274.76,488.4,1.43
408225.09,87274.76,487.4,1.37
408225.09,87274.76,486.4,0.47
408224.94,87300.22,505.49,0.97
408224.94,87300.22,504.49,1.16
408224.94,87300.22,503.49,1.36
408224.94,87300.22,502.49,1.31
408224.94,87300.22,501.49,1.33
408224.94,87300.22,500.49,1.52
408224.94,87300.22,499.49,1.54
408224.94,87300.22,498.49,1.25
408224.94,87300.22,497.49,1.06
408224.94,87300.22,496.49,1.03
408224.94,87300.22,495.49,0.65
408224.94,87300.22,494.49,0.85
408224.94,87300.22,493.49,1.21
408224.94,87300.22,492.49,1.26
408224.94,87300.22,491.49,1.57
408224.94,87300.22,489.49,1.26
408224.94,87300.22,487.49,1.8
408224.94,87300.22,486.49,2.44
408224.94,87300.22,485.49,0.4
408224.94,87300.22,484.49,0.99
408224.94,87300.22,483.49,0.54
408224.94,87300.22,482.49,0.21
408224.94,87300.22,481.49,0.17
408224.94,87300.22,480.49,0.16
408251.63,87328.22,498.23,1.14
408251.63,87328.22,497.23,0.99
408251.63,87328.22,496.23,1.09
408251.63,87328.22,495.23,0.92
408251.63,87328.22,494.23,1.11
408251.63,87328.22,493.23,0.81
408251.63,87328.22,492.23,1.39
408251.63,87328.22,491.23,2.46
408251.63,87328.22,490.23,2.04
408251.63,87328.22,489.23,2.28
408251.63,87328.22,488.23,1.52
408251.63,87328.22,487.23,1.93
408251.63,87328.22,486.23,0.16
408251.63,87328.22,485.23,0.09
408249.88,87349.94,496.46,1.13
408249.88,87349.94,495.46,2.23
408249.88,87349.94,494.46,0.6
408249.88,87349.94,493.46,0.23
408249.88,87349.94,492.46,0.17
408249.88,87349.94,491.46,1.13
408249.88,87349.94,490.46,1.78
408249.88,87349.94,489.46,1.29
408249.88,87349.94,488.46,0.81
408249.88,87349.94,487.46,1.49
408249.88,87349.94,486.46,1.85
408249.88,87349.94,485.46,1.31
408249.88,87349.94,484.46,1.36
408249.88,87349.94,483.46,1.58
408249.88,87349.94,482.46,1.49
408249.88,87349.94,481.46,1.62
408249.88,87349.94,480.46,1.21
408249.88,87349.94,479.46,0.75
408249.88,87349.94,478.46,0.13
408249.88,87349.94,477.46,0.19
408249.88,87349.94,476.46,0.22
408249.88,87349.94,475.46,0.9
408249.88,87349.94,474.46,0.78
408249.88,87349.94,473.46,0.62
408249.88,87349.94,472.46,0.18
408250.66,87374.72,495.73,1.19
408250.66,87374.72,494.73,1.25
408250.66,87374.72,493.73,1.28
408250.66,87374.72,492.73,2.3
408250.66,87374.72,491.73,1.69
408250.66,87374.72,490.73,1.91
408250.66,87374.72,489.73,0.12
408250.66,87374.72,488.73,2.18
408250.66,87374.72,487.73,2.7
408250.66,87374.72,486.73,0.64
408250.66,87374.72,485.73,0.12
408250.66,87374.72,484.73,0.82
408250.66,87374.72,483.73,1.85
408250.66,87374.72,482.73,1.75
408250.66,87374.72,481.73,1.4
408250.66,87374.72,480.73,1.33
408250.66,87374.72,479.73,1.34
408250.47,87149.92,532.67,0.87
408250.47,87149.92,531.67,1.06
408250.47,87149.92,530.67,1.27
408250.47,87149.92,529.67,1.33
408250.47,87149.92,528.67,1.22
408250.47,87149.92,527.67,1.53
408250.47,87149.92,526.67,1.16
408250.47,87149.92,525.67,0.93
408250.47,87149.92,524.67,2.13
408250.47,87149.92,523.67,2.26
408250.47,87149.92,522.67,1.65
408250.47,87149.92,521.67,0.6
408250.47,87149.92,520.67,0.67
408250.47,87149.92,519.67,1.31
408250.47,87149.92,518.67,1.21
408250.47,87149.92,517.67,0.31
408250.47,87149.92,516.67,1.21
408250.47,87149.92,515.67,0.5
408250.47,87149.92,514.67,0.26
408250.47,87149.92,513.67,0.36
408250.47,87149.92,512.67,0.28
408247.56,87175.29,529.59,0.67
408247.56,87175.29,528.59,0.83
408247.56,87175.29,527.59,0.8
408247.56,87175.29,526.59,1.2
408247.56,87175.29,525.59,1.13
408247.56,87175.29,524.59,1.86
408247.56,87175.29,523.59,1.26
408247.56,87175.29,522.59,2.93
408247.56,87175.29,521.59,2.64
408247.56,87175.29,520.59,0.45
408247.56,87175.29,519.59,1.63
408247.56,87175.29,518.59,0.79
408247.56,87175.29,517.59,0.54
408247.56,87175.29,516.59,0.48
408247.56,87175.29,515.59,0.62
408247.56,87175.29,514.59,1.53
408247.56,87175.29,513.59,1.72
408247.56,87175.29,512.59,2.3
408247.56,87175.29,511.59,2.46
408247.56,87175.29,510.59,0.66
408247.56,87175.29,509.59,1.56
408247.56,87175.29,508.59,0.84
408247.56,87175.29,507.59,0.93
408247.56,87175.29,506.59,1.12
408247.56,87175.29,505.59,0.86
408249.81,87199.74,524.91,0.66
408249.81,87199.74,523.91,1.04
408249.81,87199.74,522.91,1
408249.81,87199.74,521.91,1.11
408249.81,87199.74,520.91,1.28
408249.81,87199.74,519.91,1.35
408249.81,87199.74,518.91,1.36
408249.81,87199.74,517.91,1.85
408249.81,87199.74,516.91,2.35
408249.81,87199.74,515.91,2.37
408249.81,87199.74,514.91,1.09
408249.81,87199.74,513.91,0.41
408249.81,87199.74,512.91,0.25
408249.81,87199.74,511.91,0.23
408249.81,87199.74,510.91,0.2
408249.81,87199.74,509.91,0.35
408249.81,87199.74,508.91,0.94
408249.81,87199.74,507.91,1.28
408249.81,87199.74,506.91,0.5
408249.81,87199.74,505.91,0.2
408249.81,87199.74,504.91,0.16
408249.81,87199.74,503.91,0.17
408249.81,87199.74,502.91,0.16
408249.81,87199.74,501.91,0.18
408249.81,87199.74,500.91,0.17
408249.59,87224.16,520.3,0.74
408249.59,87224.16,519.3,0.77
408249.59,87224.16,518.3,1.24
408249.59,87224.16,517.3,1.09
408249.59,87224.16,516.3,1.27
408249.59,87224.16,515.3,1.42
408249.59,87224.16,514.3,1.67
408249.59,87224.16,513.3,1.21
408249.59,87224.16,512.3,0.97
408249.59,87224.16,511.3,0.05
408249.59,87224.16,510.3,0.3
408249.59,87224.16,509.3,0.05
408250.75,87249.86,515.39,0.94
408250.75,87249.86,514.39,1.66
408250.75,87249.86,513.39,1.31
408250.75,87249.86,512.39,1.39
408250.75,87249.86,511.39,1.58
408250.75,87249.86,510.39,1.09
408250.75,87249.86,509.39,1.18
408250.75,87249.86,508.39,1.41
408250.75,87249.86,507.39,1.59
408250.75,87249.86,506.39,1.72
408250.75,87249.86,505.39,2.26
408250.75,87249.86,504.39,2.03
408250.75,87249.86,503.39,1.46
408250.75,87249.86,502.39,0.45
408250.75,87249.86,501.39,0.28
408250.75,87249.86,500.39,0.93
408250.75,87249.86,499.39,1.23
408250.75,87249.86,498.39,0.92
408250.75,87249.86,497.39,0.5
408250.75,87249.86,496.39,0.94
408253.19,87276.84,508.21,0.84
408253.19,87276.84,507.21,1.49
408253.19,87276.84,506.21,3.3
408253.19,87276.84,505.21,2.62
408253.19,87276.84,504.21,3.21
408253.19,87276.84,503.21,3.27
408253.19,87276.84,502.21,2.29
408253.19,87276.84,501.21,3.4
408253.19,87276.84,500.21,3.17
408253.19,87276.84,499.21,0.97
408253.19,87276.84,498.21,0.35
408253.19,87276.84,497.21,0.34
408253.19,87276.84,496.21,0.33
408253.19,87276.84,495.21,1.48
408253.19,87276.84,494.21,0.44
408250.09,87300.19,501.78,0.87
408250.09,87300.19,500.78,1.86
408250.09,87300.19,499.78,2.52
408250.09,87300.19,498.78,2.39
408250.09,87300.19,497.78,2.63
408250.09,87300.19,496.78,2.51
408250.09,87300.19,495.78,1.86
408250.09,87300.19,494.78,1.28
408250.09,87300.19,493.78,0.25
408250.09,87300.19,492.78,1
408250.09,87300.19,491.78,0.15
408250.09,87300.19,490.78,0.39
408250.09,87300.19,489.78,0.33
408250.09,87300.19,488.78,0.53
408250.09,87300.19,487.78,0.66
408250.09,87300.19,486.78,1.18
408250.09,87300.19,485.78,0.23
408250.09,87300.19,484.78,0.19
408250.09,87300.19,483.78,0.48
408250.09,87300.19,482.78,0.26
408250.09,87300.19,481.78,0.15
408275.69,87325.38,505.91,1.11
408275.69,87325.38,504.91,1.3
408275.69,87325.38,503.91,1.4
408275.69,87325.38,502.91,3.05
408275.69,87325.38,501.91,3.06
408275.69,87325.38,500.91,2.48
408275.69,87325.38,499.91,2.69
408275.69,87325.38,498.91,1.88
408275.69,87325.38,497.91,1.52
408275.69,87325.38,496.91,1.7
408275.69,87325.38,495.91,0.77
408275.69,87325.38,494.91,0.28
408275.69,87325.38,493.91,0.69
408275.69,87325.38,492.91,0.75
408275.69,87325.38,491.91,1.32
408275.69,87325.38,490.91,0.61
408275.69,87325.38,489.91,1.47
408275.69,87325.38,488.91,1.05
408275.69,87325.38,487.91,0.36
408275.69,87325.38,486.91,0.56
408275.69,87325.38,485.91,0.74
408275.69,87325.38,484.91,0.2
408275.19,87350.01,505.22,1.05
408275.19,87350.01,504.22,1.24
408275.19,87350.01,503.22,1.1
408275.19,87350.01,502.22,1.39
408275.19,87350.01,501.22,1.26
408275.19,87350.01,500.22,1.25
408275.19,87350.01,499.22,0.72
408275.19,87350.01,498.22,0.49
408275.19,87350.01,497.22,0.5
408275.19,87350.01,496.22,0.76
408275.19,87350.01,495.22,0.17
408275.19,87350.01,494.22,0.31
408275.19,87350.01,493.22,0.53
408275.19,87350.01,492.22,0.52
408275.19,87350.01,491.22,0.51
408275.19,87350.01,490.22,0.41
408275.19,87350.01,489.22,0.26
408275.19,87350.01,488.22,0.42
408275.19,87350.01,487.22,0.52
408275.19,87350.01,486.22,0.53
408275.19,87350.01,485.22,0.25
408275.19,87350.01,484.22,0.23
408275.19,87350.01,483.22,0.23
408275.19,87350.01,482.22,0.16
408275.19,87350.01,481.22,0.24
408275.19,87350.01,480.22,0.23
408274.72,87375.24,500.21,0.88
408274.72,87375.24,499.21,1.01
408274.72,87375.24,498.21,1.01
408274.72,87375.24,497.21,1.53
408274.72,87375.24,496.21,2.16
408274.72,87375.24,495.21,1.98
408274.72,87375.24,494.21,1.8
408274.72,87375.24,493.21,1.91
408274.72,87375.24,492.21,1.85
408274.72,87375.24,491.21,1
408274.72,87375.24,490.21,0.75
408274.72,87375.24,489.21,1.17
408274.72,87375.24,488.21,1.46
408274.72,87375.24,487.21,0.31
408274.72,87375.24,486.21,0.19
408274.72,87375.24,485.21,0.17
408275.81,87156.18,538.27,1.35
408275.81,87156.18,537.27,1.73
408275.81,87156.18,536.27,0.9
408275.81,87156.18,535.27,0.2
408275.81,87156.18,534.27,0.41
408275.81,87156.18,533.27,0.19
408275.81,87156.18,532.27,0.18
408275.81,87156.18,531.27,0.42
408275.81,87156.18,530.27,0.28
408275.81,87156.18,529.27,0.2
408275.81,87156.18,528.27,0.17
408275.81,87156.18,527.27,0.16
408275.81,87156.18,526.27,0.18
408275.81,87156.18,525.27,0.15
408275.81,87156.18,524.27,0.16
408275.81,87156.18,523.27,0.18
408275.81,87156.18,522.27,0.17
408275.81,87156.18,521.27,0.15
408274.59,87175.1,533.32,1.05
408274.59,87175.1,532.32,1.02
408274.59,87175.1,531.32,0.95
408274.59,87175.1,530.32,0.85
408274.59,87175.1,529.32,0.94
408274.59,87175.1,528.32,0.32
408274.59,87175.1,527.32,1.13
408274.59,87175.1,526.32,1.18
408274.59,87175.1,525.32,1.18
408274.59,87175.1,524.32,0.84
408274.59,87175.1,523.32,0.38
408274.59,87175.1,522.32,1.16
408274.59,87175.1,521.32,1.43
408274.59,87175.1,520.32,1.32
408274.59,87175.1,519.32,1.51
408274.59,87175.1,518.32,1.14
408274.59,87175.1,517.32,1.17
408274.59,87175.1,516.32,1.24
408274.59,87175.1,515.32,1.36
408274.59,87175.1,514.32,1.27
408274.59,87175.1,513.32,0.96
408274.59,87175.1,512.32,0.98
408274.59,87175.1,511.32,2.3
408274.59,87175.1,510.32,2.29
408274.59,87175.1,509.32,2.8
408274.78,87199.87,529.59,0.79
408274.78,87199.87,528.59,1.21
408274.78,87199.87,527.59,1.17
408274.78,87199.87,526.59,1.23
408274.78,87199.87,525.59,1.26
408274.78,87199.87,524.59,1.18
408274.78,87199.87,523.59,1.02
408274.78,87199.87,522.59,0.98
408274.78,87199.87,521.59,1.25
408274.78,87199.87,520.59,2.58
408274.78,87199.87,519.59,2.34
408274.78,87199.87,518.59,2.07
408274.78,87199.87,517.59,2.13
408274.78,87199.87,516.59,2.18
408274.78,87199.87,515.59,1.88
408274.78,87199.87,514.59,2.31
408274.78,87199.87,513.59,2.19
408274.78,87199.87,512.59,2.04
408274.78,87199.87,511.59,1.56
408274.78,87199.87,510.59,1.42
408274.78,87199.87,509.59,0.48
408274.78,87199.87,508.59,0.21
408274.78,87199.87,507.59,0.2
408274.78,87199.87,506.59,0.23
408274.78,87199.87,505.59,1.36
408274.38,87224.48,524.63,1.02
408274.38,87224.48,523.63,1.14
408274.38,87224.48,522.63,1.22
408274.38,87224.48,521.63,1.3
408274.38,87224.48,520.63,1.85
408274.38,87224.48,519.63,2.66
408274.38,87224.48,518.63,2.45
408274.38,87224.48,517.63,1.93
408274.38,87224.48,516.63,1.27
408274.38,87224.48,515.63,0.52
408274.38,87224.48,514.63,0.31
408274.38,87224.48,513.63,0.24
408274.38,87224.48,512.63,0.23
408274.38,87224.48,511.63,0.21
408274.38,87224.48,510.63,0.35
408274.38,87224.48,509.63,0.42
408274.38,87224.48,508.63,0.75
408274.38,87224.48,507.63,0.53
408274.38,87224.48,506.63,0.25
408274.38,87224.48,505.63,0.6
408274.38,87224.48,504.63,0.53
408274.38,87224.48,503.63,0.53
408274.38,87224.48,502.63,0.23
408274.38,87224.48,501.63,0.19
408275.03,87249.33,520.31,1.37
408275.03,87249.33,519.31,1.45
408275.03,87249.33,518.31,1.79
408275.03,87249.33,517.31,2
408275.03,87249.33,516.31,1.49
408275.03,87249.33,515.31,1.23
408275.03,87249.33,514.31,1.23
408275.03,87249.33,513.31,1.35
408275.03,87249.33,512.31,1.59
408275.03,87249.33,511.31,0.28
408275.03,87249.33,510.31,0.17
408275.03,87249.33,509.31,0.18
408275.03,87249.33,508.31,0.2
408275.03,87249.33,507.31,0.28
408275.03,87249.33,506.31,0.96
408275.03,87249.33,505.31,0.23
408275.03,87249.33,504.31,0.22
408275.03,87249.33,503.31,0.25
408275.03,87249.33,502.31,0.15
408275.03,87249.33,501.31,0.15
408275.03,87249.33,500.31,0.16
408275.22,87275.05,509.97,0.62
408275.22,87275.05,508.97,0.68
408275.22,87275.05,507.97,0.86
408275.22,87275.05,506.97,1.12
408275.22,87275.05,505.97,1.28
408275.22,87275.05,504.97,1.65
408275.22,87275.05,503.97,2.4
408275.22,87275.05,502.97,1.67
408275.22,87275.05,501.97,1.52
408275.22,87275.05,500.97,2.84
408275.22,87275.05,499.97,2.98
408275.22,87275.05,498.97,2.27
408275.22,87275.05,497.97,2.52
408275.22,87275.05,496.97,2.63
408275.22,87275.05,495.97,2.66
408275.22,87275.05,494.97,1.47
408275.22,87275.05,493.97,2.77
408275.22,87275.05,492.97,2.62
408275.22,87275.05,491.97,2.69
408275.22,87275.05,490.97,3.1
408275.22,87275.05,489.97,2.54
408275.22,87275.05,488.97,1.52
408275.22,87275.05,487.97,2.94
408275.22,87275.05,486.97,3.47
408275.22,87275.05,485.97,1.94
408274.44,87300.14,510.31,0.9
408274.44,87300.14,509.31,0.88
408274.44,87300.14,508.31,1.68
408274.44,87300.14,507.31,2.37
408274.44,87300.14,506.31,2.61
408274.44,87300.14,505.31,2.49
408274.44,87300.14,504.31,2.71
408274.44,87300.14,503.31,2.93
408274.44,87300.14,502.31,2.46
408274.44,87300.14,501.31,1.86
408274.44,87300.14,500.31,1.48
408274.44,87300.14,499.31,1.56
408274.44,87300.14,498.31,1.75
408274.44,87300.14,497.31,1.88
408274.44,87300.14,496.31,1.81
408274.44,87300.14,495.31,0.94
408274.44,87300.14,494.31,1.34
408274.44,87300.14,493.31,1.36
408274.44,87300.14,492.31,0.37
408274.44,87300.14,491.31,0.22
408274.44,87300.14,490.31,0.18
408274.44,87300.14,489.31,0.22
408274.44,87300.14,488.31,0.24
408274.44,87300.14,487.31,0.2
408274.44,87300.14,486.31,0.19
408303.97,87324.93,511.26,0.82
408303.97,87324.93,510.26,2.36
408303.97,87324.93,509.26,2.93
408303.97,87324.93,508.26,2.07
408303.97,87324.93,507.26,3.36
408303.97,87324.93,506.26,3.09
408303.97,87324.93,505.26,3.76
408303.97,87324.93,504.26,1.59
408303.97,87324.93,503.26,3.18
408303.97,87324.93,502.26,3.18
408303.97,87324.93,501.26,1.98
408303.97,87324.93,500.26,2.51
408300.63,87350.02,509.78,1.04
408300.63,87350.02,508.78,1.15
408300.63,87350.02,507.78,1.09
408300.63,87350.02,506.78,1.44
408300.63,87350.02,505.78,2.19
408300.63,87350.02,504.78,2.4
408300.63,87350.02,503.78,2.01
408300.63,87350.02,502.78,2.34
408300.63,87350.02,501.78,2.17
408300.63,87350.02,500.78,1.79
408300.63,87350.02,499.78,1.4
408300.63,87350.02,498.78,0.31
408300.63,87350.02,497.78,0.69
408300.63,87350.02,496.78,1.71
408300.63,87350.02,495.78,1.53
408300.63,87350.02,494.78,2.12
408300.63,87350.02,493.78,1.32
408300.63,87350.02,492.78,0.42
408300.63,87350.02,491.78,0.61
408300.63,87350.02,490.78,0.46
408300.63,87350.02,489.78,1.4
408300.63,87350.02,488.78,1.48
408300.63,87350.02,487.78,1.47
408300.63,87350.02,486.78,1.62
408300.63,87350.02,485.78,1.74
408300.63,87350.02,484.78,1.44
408298.94,87375.76,505.35,0.94
408298.94,87375.76,504.35,1.37
408298.94,87375.76,503.35,1.42
408298.94,87375.76,502.35,1.28
408298.94,87375.76,501.35,1.6
408298.94,87375.76,500.35,3.31
408298.94,87375.76,499.35,3.59
408298.94,87375.76,498.35,1.59
408298.94,87375.76,497.35,2.63
408298.94,87375.76,496.35,2.89
408298.94,87375.76,495.35,3.88
408298.94,87375.76,494.35,3.64
408298.94,87375.76,493.35,2.67
408300.16,87149.9,537.43,0.92
408300.16,87149.9,536.43,1.19
408300.16,87149.9,535.43,1.24
408300.16,87149.9,534.43,0.64
408300.16,87149.9,533.43,1.95
408300.16,87149.9,532.43,3.53
408300.16,87149.9,531.43,1.96
408300.16,87149.9,530.43,2.24
408300.16,87149.9,529.43,1.02
408300.16,87149.9,528.43,2.45
408300.16,87149.9,527.43,0.74
408300.16,87149.9,526.43,0.87
408300.16,87149.9,525.43,0.2
408300.16,87149.9,524.43,0.44
408300.16,87149.9,523.43,0.46
408300.16,87149.9,522.43,0.79
408300.16,87149.9,521.43,0.22
408300.16,87149.9,520.43,0.34
408300.16,87149.9,519.43,0.16
408300.16,87149.9,518.43,0.18
408300.16,87149.9,517.43,0.18
408300.16,87149.9,516.43,0.2
408300.16,87149.9,515.43,0.21
408300.16,87149.9,514.43,0.27
408300.16,87149.9,513.43,0.22
408300.16,87149.9,512.43,0.18
408297.91,87174.17,535.14,0.84
408297.91,87174.17,534.14,0.98
408297.91,87174.17,533.14,1.16
408297.91,87174.17,532.14,1.14
408297.91,87174.17,531.14,1.17
408297.91,87174.17,530.14,1.78
408297.91,87174.17,529.14,1.46
408297.91,87174.17,528.14,0.13
408297.91,87174.17,527.14,1.73
408297.91,87174.17,526.14,1.79
408297.91,87174.17,525.14,1.71
408297.91,87174.17,524.14,1
408297.91,87174.17,523.14,1.08
408297.91,87174.17,522.14,0.61
408297.91,87174.17,521.14,0.5
408297.91,87174.17,520.14,0.84
408297.91,87174.17,519.14,0.8
408297.91,87174.17,518.14,0.65
408297.91,87174.17,517.14,0.9
408297.91,87174.17,516.14,0.72
408297.91,87174.17,515.14,1.04
408297.91,87174.17,514.14,0.89
408297.91,87174.17,513.14,0.54
408297.91,87174.17,512.14,0.58
408297.91,87174.17,511.14,2.43
408300.03,87199.98,529.94,0.92
408300.03,87199.98,528.94,0.8
408300.03,87199.98,527.94,1.09
408300.03,87199.98,526.94,1.11
408300.03,87199.98,525.94,0.95
408300.03,87199.98,524.94,1.04
408300.03,87199.98,523.94,1.2
408300.03,87199.98,522.94,1.49
408300.03,87199.98,521.94,1.35
408300.03,87199.98,520.94,0.98
408300.03,87199.98,519.94,1.05
408300.03,87199.98,518.94,0.63
408300.03,87199.98,517.94,0.85
408300.03,87199.98,516.94,0.72
408300.03,87199.98,515.94,0.47
408300.03,87199.98,514.94,0.9
408300.03,87199.98,513.94,0.96
408300.03,87199.98,512.94,0.78
408300.03,87199.98,511.94,2.13
408300.03,87199.98,510.94,2.24
408300.03,87199.98,509.94,1.92
408300.03,87199.98,508.94,1.67
408300.03,87199.98,507.94,2.53
408300.03,87199.98,506.94,2.12
408300.03,87199.98,505.94,2.45
408298.91,87229.4,523.1,0.77
408298.91,87229.4,522.1,1.96
408298.91,87229.4,521.1,3.23
408298.91,87229.4,520.1,3.68
408298.91,87229.4,519.1,3.25
408298.91,87229.4,518.1,3.24
408298.91,87229.4,517.1,1.28
408298.91,87229.4,516.1,1.71
408298.91,87229.4,515.1,1.47
408298.91,87229.4,514.1,2.09
408298.91,87229.4,513.1,1.39
408298.91,87229.4,512.1,1.95
408298.91,87229.4,511.1,1.66
408298.91,87229.4,510.1,0.38
408298.91,87229.4,509.1,0.16
408298.91,87229.4,508.1,0.34
408298.91,87229.4,507.1,0.17
408298.91,87229.4,506.1,0.08
408298.91,87229.4,505.1,1.45
408298.91,87229.4,504.1,0.1
408298.91,87229.4,503.1,0.09
408298.91,87229.4,502.1,0.04
408298.91,87229.4,501.1,0.09
408298.91,87229.4,500.1,0.08
408300.56,87249.22,517.87,0.73
408300.56,87249.22,516.87,0.99
408300.56,87249.22,515.87,0.71
408300.56,87249.22,514.87,1.8
408300.56,87249.22,513.87,1.56
408300.56,87249.22,512.87,1.92
408300.56,87249.22,511.87,2.26
408300.56,87249.22,510.87,4.31
408300.56,87249.22,509.87,3.28
408300.56,87249.22,508.87,2.22
408300.56,87249.22,507.87,2.16
408300.56,87249.22,506.87,2.16
408300.56,87249.22,505.87,2
408300.56,87249.22,504.87,1.79
408300.56,87249.22,503.87,0.57
408300.56,87249.22,502.87,0.23
408300.56,87249.22,501.87,0.24
408300.56,87249.22,500.87,0.15
408300.56,87249.22,499.87,0.17
408300.56,87249.22,498.87,0.18
408300.56,87249.22,497.87,0.15
408300.56,87249.22,496.87,0.16
408300.56,87249.22,495.87,0.16
408300.56,87249.22,494.87,0.15
408300.56,87249.22,493.87,0.16
408300.56,87249.22,492.87,0.14
408299.59,87274.5,518.9,0.83
408299.59,87274.5,517.9,1.09
408299.59,87274.5,516.9,1.13
408299.59,87274.5,515.9,1.21
408299.59,87274.5,514.9,2.08
408299.59,87274.5,513.9,1.54
408299.59,87274.5,512.9,2.51
408299.59,87274.5,511.9,2.73
408299.59,87274.5,510.9,2.43
408299.59,87274.5,509.9,2.11
408299.59,87274.5,508.9,1.83
408299.59,87274.5,507.9,1.52
408299.59,87274.5,506.9,1.92
408299.59,87274.5,505.9,0.57
408299.59,87274.5,504.9,0.41
408299.59,87274.5,503.9,0.2
408299.59,87274.5,502.9,0.07
408300.22,87300.13,518.41,0.83
408300.22,87300.13,517.41,1.1
408300.22,87300.13,516.41,1.46
408300.22,87300.13,515.41,1.63
408300.22,87300.13,514.41,1.05
408300.22,87300.13,513.41,0.48
408300.22,87300.13,512.41,0.36
408300.22,87300.13,511.41,0.45
408300.22,87300.13,510.41,0.69
408300.22,87300.13,509.41,2.84
408300.22,87300.13,508.41,0.8
408300.22,87300.13,507.41,0.44
408300.22,87300.13,506.41,0.26
408300.22,87300.13,505.41,0.15
408300.22,87300.13,504.41,0.17
408325.22,87324.81,521.35,1.93
408325.22,87324.81,520.35,0.73
408325.22,87324.81,519.35,0.89
408325.22,87324.81,518.35,0.64
408325.22,87324.81,517.35,1.03
408325.22,87324.81,516.35,1.25
408325.22,87324.81,515.35,1.26
408325.22,87324.81,514.35,0.79
408325.22,87324.81,513.35,1.9
408325.22,87324.81,512.35,1.99
408325.22,87324.81,511.35,2.18
408325.22,87324.81,510.35,2.21
408325.22,87324.81,509.35,2.07
408325.22,87324.81,508.35,1.81
408325.22,87324.81,507.35,2.02
408325.22,87324.81,506.35,0.26
408325.22,87324.81,505.35,1.5
408325.22,87324.81,504.35,0.26
408325.22,87324.81,503.35,0.19
408325.22,87324.81,502.35,0.22
408325.22,87324.81,501.35,0.72
408325.22,87324.81,500.35,0.91
408325.22,87324.81,499.35,0.56
408325.22,87324.81,498.35,0.18
408325.22,87324.81,497.35,0.15
408325.44,87350,517.85,0.83
408325.44,87350,516.85,1.1
408325.44,87350,515.85,1.26
408325.44,87350,514.85,1.4
408325.44,87350,513.85,1.32
408325.44,87350,512.85,1.59
408325.44,87350,511.85,1.48
408325.44,87350,510.85,2.03
408325.44,87350,509.85,2.34
408325.44,87350,508.85,2.4
408325.44,87350,507.85,2.59
408325.44,87350,506.85,2.61
408325.44,87350,505.85,2.7
408325.44,87350,504.85,2.32
408325.44,87350,503.85,2.23
408325.44,87350,502.85,2.38
408325.44,87350,501.85,2.62
408325.44,87350,500.85,2.48
408325.44,87350,499.85,0.92
408325.44,87350,498.85,0.24
408325.44,87350,497.85,0.21
408325.44,87350,496.85,0.21
408324.81,87375.47,512.35,0.95
408324.81,87375.47,511.35,1.09
408324.81,87375.47,510.35,1.49
408324.81,87375.47,509.35,1.32
408324.81,87375.47,508.35,1.43
408324.81,87375.47,507.35,1.46
408324.81,87375.47,506.35,1.87
408324.81,87375.47,505.35,2.9
408324.81,87375.47,504.35,3.06
408324.81,87375.47,503.35,2.52
408324.81,87375.47,502.35,1.94
408324.81,87375.47,501.35,2.27
408324.81,87375.47,500.35,2.07
408324.81,87375.47,499.35,1.84
408324.81,87375.47,498.35,0.41
408324.81,87375.47,497.35,0.53
408324.81,87375.47,496.35,0.17
408324.81,87375.47,495.35,0.16
408325.19,87149.69,532.23,0.79
408325.19,87149.69,531.23,0.65
408325.19,87149.69,530.23,0.9
408325.19,87149.69,529.23,0.61
408325.19,87149.69,528.23,1.05
408325.19,87149.69,527.23,1.76
408325.19,87149.69,526.23,1.71
408325.19,87149.69,525.23,0.71
408325.19,87149.69,524.23,1.24
408325.19,87149.69,523.23,0.79
408325.19,87149.69,522.23,0.7
408325.19,87149.69,521.23,0.89
408325.19,87149.69,520.23,0.52
408325.19,87149.69,519.23,0.94
408325.19,87149.69,518.23,1.4
408325.19,87149.69,517.23,0.59
408325.19,87149.69,516.23,0.17
408325.19,87149.69,515.23,0.23
408325.19,87149.69,514.23,0.18
408325.19,87149.69,513.23,0.18
408325.19,87149.69,512.23,0.17
408325.19,87149.69,511.23,0.19
408325.19,87149.69,510.23,0.16
408325.19,87149.69,509.23,0.15
408325.19,87149.69,508.23,0.12
408325,87175.17,532.17,1.18
408325,87175.17,531.17,1.38
408325,87175.17,530.17,1.15
408325,87175.17,529.17,1.14
408325,87175.17,528.17,1.83
408325,87175.17,527.17,1.56
408325,87175.17,526.17,1.13
408325,87175.17,525.17,1.3
408325,87175.17,524.17,3.09
408325,87175.17,523.17,1.96
408325,87175.17,522.17,2.27
408325,87175.17,521.17,2.43
408325,87175.17,520.17,1.94
408325,87175.17,519.17,2.12
408325,87175.17,518.17,2.73
408325,87175.17,517.17,2.71
408325,87175.17,516.17,1.77
408325,87175.17,515.17,1.86
408325,87175.17,514.17,2.92
408325,87175.17,513.17,2.41
408325,87175.17,512.17,2.31
408325,87175.17,511.17,2.54
408325,87175.17,510.17,2.73
408325,87175.17,509.17,2.46
408325,87175.17,508.17,2.72
408325,87175.17,507.17,2.88
408325.53,87199.88,527.3,1.02
408325.53,87199.88,526.3,0.95
408325.53,87199.88,525.3,0.93
408325.53,87199.88,524.3,0.8
408325.53,87199.88,523.3,1.04
408325.53,87199.88,522.3,0.48
408325.53,87199.88,521.3,0.42
408325.53,87199.88,520.3,0.73
408325.53,87199.88,519.3,1.18
408325.53,87199.88,518.3,1.82
408325.53,87199.88,517.3,1.4
408325.53,87199.88,516.3,1.21
408325.53,87199.88,515.3,0.75
408325.53,87199.88,514.3,0.52
408325.53,87199.88,513.3,0.21
408325.53,87199.88,512.3,0.42
408325.53,87199.88,511.3,0.83
408325.53,87199.88,510.3,0.26
408325.53,87199.88,509.3,0.26
408325.53,87199.88,508.3,0.51
408325.53,87199.88,507.3,0.21
408325.53,87199.88,506.3,0.14
408325.53,87199.88,505.3,0.21
408325.53,87199.88,504.3,0.28
408325.53,87199.88,503.3,0.27
408325.53,87199.88,502.3,0.22
408324.97,87225,524.69,0.75
408324.97,87225,523.69,0.87
408324.97,87225,522.69,0.49
408324.97,87225,521.69,2.75
408324.97,87225,520.69,1.78
408324.97,87225,519.69,1.6
408324.97,87225,518.69,1.6
408324.97,87225,517.69,1.44
408324.97,87225,516.69,1.22
408324.97,87225,515.69,1
408324.97,87225,514.69,0.57
408324.97,87225,513.69,0.58
408324.97,87225,512.69,0.87
408324.97,87225,511.69,1.61
408324.97,87225,510.69,2.03
408324.97,87225,509.69,2.43
408324.97,87225,508.69,1.95
408324.97,87225,507.69,2.14
408324.97,87225,506.69,2.09
408324.97,87225,505.69,1.45
408324.97,87225,504.69,2.58
408324.97,87225,503.69,1.65
408324.97,87225,502.69,0.4
408324.97,87225,501.69,0.21
408324.97,87225,500.69,0.27
408324.78,87249.37,524.57,0.87
408324.78,87249.37,523.57,0.98
408324.78,87249.37,522.57,0.93
408324.78,87249.37,521.57,0.92
408324.78,87249.37,520.57,0.5
408324.78,87249.37,519.57,0.87
408324.78,87249.37,518.57,0.69
408324.78,87249.37,517.57,0.57
408324.78,87249.37,516.57,0.99
408324.78,87249.37,515.57,0.35
408324.78,87249.37,514.57,1.36
408324.78,87249.37,513.57,1.04
408324.78,87249.37,512.57,0.64
408324.78,87249.37,511.57,1.11
408324.78,87249.37,510.57,1.36
408324.78,87249.37,509.57,1.23
408324.78,87249.37,508.57,2.31
408324.78,87249.37,507.57,1.69
408324.78,87249.37,506.57,1.85
408324.78,87249.37,505.57,2.4
408324.78,87249.37,504.57,2.26
408324.78,87249.37,503.57,1.24
408324.78,87249.37,502.57,0.27
408324.78,87249.37,501.57,0.35
408324.78,87249.37,500.57,0.58
408325.13,87274.68,525.49,0.65
408325.13,87274.68,524.49,1.48
408325.13,87274.68,523.49,2.16
408325.13,87274.68,522.49,2.36
408325.13,87274.68,521.49,2.73
408325.13,87274.68,520.49,2.95
408325.13,87274.68,519.49,2.93
408325.13,87274.68,518.49,3.25
408325.13,87274.68,517.49,3.06
408325.13,87274.68,516.49,1.98
408325.13,87274.68,515.49,2.7
408325.13,87274.68,514.49,2.1
408325.13,87274.68,513.49,1.87
408325.13,87274.68,512.49,1.97
408325.13,87274.68,511.49,2.04
408325.13,87274.68,510.49,2.68
408325.13,87274.68,509.49,2.84
408325.13,87274.68,508.49,2.57
408325.13,87274.68,507.49,2.76
408325.13,87274.68,506.49,2.85
408325.13,87274.68,505.49,2.23
408325.13,87274.68,504.49,2.15
408325.13,87274.68,503.49,1.99
408325.13,87274.68,502.49,2.72
408325.13,87274.68,501.49,3.05
408325.13,87274.68,500.49,2.42
408324.63,87300.14,525.03,0.6
408324.63,87300.14,524.03,0.84
408324.63,87300.14,523.03,1.05
408324.63,87300.14,522.03,1.79
408324.63,87300.14,521.03,3.53
408324.63,87300.14,520.03,2.6
408324.63,87300.14,519.03,1.61
408324.63,87300.14,518.03,2.57
408324.63,87300.14,517.03,2.26
408324.63,87300.14,516.03,2.82
408324.63,87300.14,515.03,1.64
408324.63,87300.14,514.03,0.23
408324.63,87300.14,513.03,2.68
408324.63,87300.14,512.03,2.66
408324.63,87300.14,511.03,2.01
408324.63,87300.14,510.03,1.32
408324.63,87300.14,509.03,0.55
408324.63,87300.14,508.03,0.47
408324.63,87300.14,507.03,0.78
408324.63,87300.14,506.03,1.18
408324.63,87300.14,505.03,1.15
408324.63,87300.14,504.03,0.88
408324.63,87300.14,503.03,1.09
408324.63,87300.14,502.03,1.65
408324.63,87300.14,501.03,0.73
408324.63,87300.14,500.03,2.39
408350.72,87325.83,526.26,0.67
408350.72,87325.83,525.26,0.72
408350.72,87325.83,524.26,0.93
408350.72,87325.83,523.26,0.78
408350.72,87325.83,522.26,0.87
408350.72,87325.83,521.26,0.79
408350.72,87325.83,520.26,1.24
408350.72,87325.83,519.26,1.33
408350.72,87325.83,518.26,1.9
408350.72,87325.83,517.26,2.93
408350.72,87325.83,516.26,3.33
408350.72,87325.83,515.26,3.34
408350.72,87325.83,514.26,2.7
408350.72,87325.83,513.26,1.9
408350.72,87325.83,512.26,1.25
408350.28,87350.06,520.86,0.99
408350.28,87350.06,519.86,1.31
408350.28,87350.06,518.86,1.21
408350.28,87350.06,517.86,1.15
408350.28,87350.06,516.86,1.25
408350.28,87350.06,515.86,1.19
408350.28,87350.06,514.86,0.9
408350.28,87350.06,513.86,1.08
408350.28,87350.06,512.86,1.85
408350.28,87350.06,511.86,2.07
408350.28,87350.06,510.86,1.16
408350.28,87350.06,509.86,1.47
408350.28,87350.06,508.86,1.2
408350.28,87350.06,507.86,1.5
408350.28,87350.06,506.86,0.2
408350.28,87350.06,505.86,0.15
408350.28,87350.06,504.86,0.15
408350.28,87350.06,503.86,0.12
408350.28,87350.06,502.86,0.14
408350.28,87350.06,501.86,0.8
408346.75,87376.31,512.27,0.96
408346.75,87376.31,511.27,1.29
408346.75,87376.31,510.27,1.27
408346.75,87376.31,509.27,1.26
408346.75,87376.31,508.27,1.92
408346.75,87376.31,507.27,1.72
408346.75,87376.31,506.27,1.68
408346.75,87376.31,505.27,2.05
408346.75,87376.31,504.27,2.14
408346.75,87376.31,503.27,1.12
408346.75,87376.31,502.27,1.14
408346.75,87376.31,501.27,0.4
408346.75,87376.31,500.27,0.19
408346.75,87376.31,499.27,0.1
408346.75,87376.31,498.27,0.7
408346.75,87376.31,497.27,0.12
408350.47,87149.55,525.05,1.03
408350.47,87149.55,524.05,1.09
408350.47,87149.55,523.05,1.08
408350.47,87149.55,522.05,0.97
408350.47,87149.55,521.05,0.89
408350.47,87149.55,520.05,1.34
408350.47,87149.55,519.05,1.6
408350.47,87149.55,518.05,1.54
408350.47,87149.55,517.05,1.16
408350.47,87149.55,516.05,0.15
408350.47,87149.55,515.05,0.3
408350.47,87149.55,514.05,0.34
408350.47,87149.55,513.05,0.27
408350.47,87149.55,512.05,0.2
408350.47,87149.55,511.05,0.33
408350.47,87149.55,510.05,0.09
408350.47,87149.55,509.05,0.18
408350.47,87149.55,508.05,0.98
408350.47,87149.55,507.05,1.21
408350.47,87149.55,506.05,1.82
408350.47,87149.55,505.05,2.05
408350.47,87149.55,504.05,2.14
408350.47,87149.55,503.05,2.32
408350.47,87149.55,502.05,2.07
408350.47,87149.55,501.05,1.39
408349.84,87176.18,526.79,0.92
408349.84,87176.18,525.79,1.08
408349.84,87176.18,524.79,0.87
408349.84,87176.18,523.79,1.16
408349.84,87176.18,522.79,1.25
408349.84,87176.18,521.79,1.1
408349.84,87176.18,520.79,2.12
408349.84,87176.18,519.79,3.64
408349.84,87176.18,518.79,2.74
408349.84,87176.18,517.79,2.22
408349.84,87176.18,516.79,2.79
408349.84,87176.18,515.79,1.23
408349.84,87176.18,514.79,1.47
408349.84,87176.18,513.79,1.25
408349.84,87176.18,512.79,1.14
408349.84,87176.18,511.79,1.28
408349.84,87176.18,510.79,0.14
408349.63,87200.03,522.19,0.49
408349.63,87200.03,521.19,0.23
408349.63,87200.03,520.19,0.18
408349.63,87200.03,519.19,0.29
408349.63,87200.03,518.19,1.17
408349.63,87200.03,517.19,0.72
408349.63,87200.03,516.19,1.33
408349.63,87200.03,515.19,1.59
408349.63,87200.03,514.19,1.91
408349.63,87200.03,513.19,1.85
408349.63,87200.03,512.19,1.54
408349.63,87200.03,511.19,1.1
408349.63,87200.03,510.19,1.56
408349.63,87200.03,509.19,1.43
408349.63,87200.03,508.19,2.12
408349.63,87200.03,507.19,2.11
408349.63,87200.03,506.19,1.71
408349.63,87200.03,505.19,1.35
408349.63,87200.03,504.19,0.56
408349.63,87200.03,503.19,0.69
408349.63,87200.03,502.19,0.58
408349.63,87200.03,501.19,0.54
408349.63,87200.03,500.19,0.94
408349.63,87200.03,499.19,1.04
408349.63,87200.03,498.19,1.22
408349.59,87223.75,527.07,0.33
408349.59,87223.75,526.07,0.42
408349.59,87223.75,525.07,0.78
408349.59,87223.75,524.07,1.01
408349.59,87223.75,523.07,0.4
408349.59,87223.75,522.07,0.6
408349.59,87223.75,521.07,1.94
408349.59,87223.75,520.07,1.93
408349.59,87223.75,519.07,0.7
408349.59,87223.75,518.07,1.9
408349.59,87223.75,517.07,1.79
408349.59,87223.75,516.07,2.02
408349.59,87223.75,515.07,2.17
408349.59,87223.75,514.07,2.19
408349.59,87223.75,513.07,2.08
408349.59,87223.75,512.07,2.2
408349.59,87223.75,511.07,1.29
408349.59,87223.75,510.07,1.23
408349.59,87223.75,509.07,2.48
408349.59,87223.75,508.07,3.05
408349.59,87223.75,507.07,1.92
408349.59,87223.75,506.07,1.84
408349.59,87223.75,505.07,2.17
408349.59,87223.75,504.07,1.62
408349.59,87223.75,503.07,1.9
408349.34,87249.17,528.49,1.14
408349.34,87249.17,527.49,0.94
408349.34,87249.17,526.49,0.58
408349.34,87249.17,525.49,0.72
408349.34,87249.17,524.49,0.6
408349.34,87249.17,523.49,0.74
408349.34,87249.17,522.49,0.72
408349.34,87249.17,521.49,0.83
408349.34,87249.17,520.49,1.16
408349.34,87249.17,519.49,1.25
408349.34,87249.17,518.49,1.22
408349.34,87249.17,517.49,0.99
408349.34,87249.17,516.49,0.85
408349.34,87249.17,515.49,1.04
408349.34,87249.17,514.49,1.01
408349.34,87249.17,513.49,0.76
408349.34,87249.17,512.49,0.69
408349.34,87249.17,511.49,0.43
408349.34,87249.17,510.49,0.35
408349.34,87249.17,509.49,0.28
408349.34,87249.17,508.49,0.29
408349.34,87249.17,507.49,0.31
408349.34,87249.17,506.49,1.28
408349.34,87249.17,505.49,1.87
408349.34,87249.17,504.49,0.75
408350.5,87275.27,529.87,0.45
408350.5,87275.27,528.87,0.91
408350.5,87275.27,527.87,0.99
408350.5,87275.27,526.87,1.3
408350.5,87275.27,525.87,1.94
408350.5,87275.27,524.87,1.53
408350.5,87275.27,523.87,1.03
408350.5,87275.27,522.87,1.56
408350.5,87275.27,521.87,1.79
408350.5,87275.27,520.87,1.14
408350.5,87275.27,519.87,0.68
408350.5,87275.27,518.87,0.2
408350.5,87275.27,517.87,0.38
408350.5,87275.27,516.87,0.39
408350.5,87275.27,515.87,0.38
408350.5,87275.27,514.87,0.37
408350.5,87275.27,513.87,0.2
408350.5,87275.27,512.87,0.4
408350.5,87275.27,511.87,0.71
408350.5,87275.27,510.87,1.14
408349.31,87300.3,528.98,0.47
408349.31,87300.3,527.98,0.5
408349.31,87300.3,526.98,1.04
408349.31,87300.3,525.98,0.39
408349.31,87300.3,524.98,1.61
408349.31,87300.3,523.98,1.62
408349.31,87300.3,522.98,1.79
408349.31,87300.3,521.98,1.48
408349.31,87300.3,520.98,0.59
408349.31,87300.3,519.98,0.75
408349.31,87300.3,518.98,1.35
408349.31,87300.3,517.98,3.27
408349.31,87300.3,516.98,2.53
408349.31,87300.3,515.98,2.19
408349.31,87300.3,514.98,1.5
408349.31,87300.3,513.98,1.27
408349.31,87300.3,512.98,0.96
408349.31,87300.3,511.98,0.19
408349.31,87300.3,510.98,1.51
408349.31,87300.3,509.98,2.03
408349.31,87300.3,508.98,1.82
408349.31,87300.3,507.98,0.25
408349.31,87300.3,506.98,0.42
408349.31,87300.3,505.98,1.78
408349.31,87300.3,504.98,1.72
408374.94,87325.04,528.73,0.74
408374.94,87325.04,527.73,0.96
408374.94,87325.04,526.73,0.94
408374.94,87325.04,525.73,1.04
408374.94,87325.04,524.73,1.07
408374.94,87325.04,523.73,0.56
408374.94,87325.04,522.73,0.92
408374.94,87325.04,521.73,1.06
408374.94,87325.04,520.73,0.55
408374.94,87325.04,519.73,1.64
408374.94,87325.04,518.73,1.86
408374.94,87325.04,517.73,1.5
408374.94,87325.04,516.73,1.43
408374.94,87325.04,515.73,1.37
408374.94,87325.04,514.73,1.03
408374.94,87325.04,513.73,1.2
408374.94,87325.04,512.73,0.93
408374.94,87325.04,511.73,0.17
408374.94,87325.04,510.73,1.04
408374.94,87325.04,509.73,1.36
408374.94,87325.04,508.73,0.22
408374.94,87325.04,507.73,0.74
408374.94,87325.04,506.73,1.35
408374.94,87325.04,505.73,1.57
408374.94,87325.04,504.73,0.16
408375.31,87350.1,519.97,0.77
408375.31,87350.1,518.97,0.85
408375.31,87350.1,517.97,0.85
408375.31,87350.1,516.97,0.84
408375.31,87350.1,515.97,1.15
408375.31,87350.1,514.97,0.8
408375.31,87350.1,513.97,1.33
408375.31,87350.1,512.97,0.75
408375.31,87350.1,511.97,0.97
408375.31,87350.1,510.97,2.07
408375.31,87350.1,509.97,2.22
408375.31,87350.1,508.97,2.29
408375.31,87350.1,507.97,1.43
408375.31,87350.1,506.97,1.31
408375.31,87350.1,505.97,0.85
408375.31,87350.1,504.97,0.56
408375.31,87350.1,503.97,0.92
408375.31,87350.1,502.97,1.43
408375.31,87350.1,501.97,1.37
408375.31,87350.1,500.97,1.07
408375.31,87350.1,499.97,1.34
408375.31,87350.1,498.97,0.69
408375.31,87350.1,497.97,0.78
408375.31,87350.1,496.97,0.32
408375.31,87350.1,495.97,0.2
408375.31,87350.1,494.97,0.19
408374.34,87375.51,514.47,1.21
408374.34,87375.51,513.47,1.42
408374.34,87375.51,512.47,1.58
408374.34,87375.51,511.47,2.43
408374.34,87375.51,510.47,2.48
408374.34,87375.51,509.47,2.13
408374.34,87375.51,508.47,1.22
408374.34,87375.51,507.47,1.22
408374.34,87375.51,506.47,1.31
408374.34,87375.51,505.47,1.39
408374.34,87375.51,504.47,1.33
408374.34,87375.51,503.47,2.49
408374.34,87375.51,502.47,2.18
408374.34,87375.51,501.47,1.35
408374.34,87375.51,500.47,1.8
408374.34,87375.51,499.47,1.51
408374.34,87375.51,498.47,0.74
408374.34,87375.51,497.47,0.27
408375.03,87149.51,522.49,1.28
408375.03,87149.51,521.49,1.13
408375.03,87149.51,520.49,1.08
408375.03,87149.51,519.49,1.01
408375.03,87149.51,518.49,1.22
408375.03,87149.51,517.49,2.23
408375.03,87149.51,516.49,2.78
408375.03,87149.51,515.49,2.72
408375.03,87149.51,514.49,2.11
408375.03,87149.51,513.49,1.61
408375.03,87149.51,512.49,1.54
408375.03,87149.51,511.49,1.6
408375.03,87149.51,510.49,2.33
408375.03,87149.51,509.49,2.06
408375.03,87149.51,508.49,2.72
408375.03,87149.51,507.49,0.29
408375.03,87149.51,506.49,0.37
408375.03,87149.51,505.49,0.42
408375.03,87149.51,504.49,0.36
408375.03,87149.51,503.49,0.28
408375.03,87149.51,502.49,0.49
408375.03,87149.51,501.49,0.73
408375.03,87149.51,500.49,0.72
408375.03,87149.51,499.49,0.47
408375.03,87149.51,498.49,0.19
408374.97,87175.37,519.89,1.03
408374.97,87175.37,518.89,1.1
408374.97,87175.37,517.89,1.32
408374.97,87175.37,516.89,1.03
408374.97,87175.37,515.89,1.09
408374.97,87175.37,514.89,1.21
408374.97,87175.37,513.89,1.96
408374.97,87175.37,512.89,1.85
408374.97,87175.37,511.89,2.58
408374.97,87175.37,510.89,2.68
408374.97,87175.37,509.89,3.3
408374.97,87175.37,508.89,2.33
408374.97,87175.37,507.89,2.73
408374.97,87175.37,506.89,2.22
408374.97,87175.37,505.89,2.01
408374.97,87175.37,504.89,2.42
408374.97,87175.37,503.89,2.55
408374.97,87175.37,502.89,2.68
408374.97,87175.37,501.89,1.5
408374.97,87175.37,500.89,0.54
408374.97,87175.37,499.89,0.22
408374.97,87175.37,498.89,0.28
408374.97,87175.37,497.89,0.32
408374.97,87175.37,496.89,1.15
408374.97,87175.37,495.89,1.49
408374.38,87199.6,517.88,0.82
408374.38,87199.6,516.88,0.97
408374.38,87199.6,515.88,1.84
408374.38,87199.6,514.88,2.04
408374.38,87199.6,513.88,2.43
408374.38,87199.6,512.88,2.55
408374.38,87199.6,511.88,2.65
408374.38,87199.6,510.88,2.42
408374.38,87199.6,509.88,2.52
408374.38,87199.6,508.88,2.28
408374.38,87199.6,507.88,2.73
408374.38,87199.6,506.88,2.35
408374.38,87199.6,505.88,2.74
408374.38,87199.6,504.88,2.06
408374.38,87199.6,503.88,2.32
408374.38,87199.6,502.88,1.94
408374.38,87199.6,501.88,2.18
408374.38,87199.6,500.88,1.85
408374.38,87199.6,499.88,2.66
408374.38,87199.6,498.88,3.03
408374.38,87199.6,497.88,2.05
408374.38,87199.6,496.88,1.96
408374.38,87199.6,495.88,1.76
408374.38,87199.6,494.88,1.83
408374.38,87199.6,493.88,1.9
408374.94,87225,524.91,0.93
408374.94,87225,523.91,1.21
408374.94,87225,522.91,1.03
408374.94,87225,521.91,0.87
408374.94,87225,520.91,0.97
408374.94,87225,519.91,0.73
408374.94,87225,518.91,0.57
408374.94,87225,517.91,0.8
408374.94,87225,516.91,1.52
408374.94,87225,515.91,2.12
408374.94,87225,514.91,1.45
408374.94,87225,513.91,0.73
408374.94,87225,512.91,0.99
408374.94,87225,511.91,0.82
408374.94,87225,510.91,1.63
408374.94,87225,509.91,2.59
408374.94,87225,508.91,2.65
408374.94,87225,507.91,2.93
408374.94,87225,506.91,2.63
408374.94,87225,505.91,1.91
408374.94,87225,504.91,2.82
408374.94,87225,503.91,2.77
408374.94,87225,502.91,2.48
408374.94,87225,501.91,2.13
408374.94,87225,500.91,2.03
408374.97,87249.09,528.26,0.69
408374.97,87249.09,527.26,0.72
408374.97,87249.09,526.26,1.01
408374.97,87249.09,525.26,0.68
408374.97,87249.09,524.26,0.37
408374.97,87249.09,523.26,1.08
408374.97,87249.09,522.26,1.03
408374.97,87249.09,521.26,1.28
408374.97,87249.09,520.26,1.24
408374.97,87249.09,519.26,0.95
408374.97,87249.09,518.26,0.85
408374.97,87249.09,517.26,0.29
408374.97,87249.09,516.26,0.18
408374.97,87249.09,515.26,0.16
408374.97,87249.09,514.26,0.18
408374.97,87249.09,513.26,0.2
408374.97,87249.09,512.26,0.18
408375.09,87275.04,530.77,0.83
408375.09,87275.04,529.77,1.92
408375.09,87275.04,528.77,2.01
408375.09,87275.04,527.77,2.01
408375.09,87275.04,526.77,1.59
408375.09,87275.04,525.77,1.17
408375.09,87275.04,524.77,1.15
408375.09,87275.04,523.77,1.76
408375.09,87275.04,522.77,1.8
408375.09,87275.04,521.77,2.03
408375.09,87275.04,520.77,1.62
408375.09,87275.04,519.77,2.01
408375.09,87275.04,518.77,1.54
408375.09,87275.04,517.77,0.34
408375.09,87275.04,516.77,0.17
408375.09,87275.04,515.77,0.19
408375.09,87275.04,514.77,0.58
408375.09,87275.04,513.77,1.1
408375.09,87275.04,512.77,0.33
408375.09,87275.04,511.77,0.32
408375.09,87275.04,510.77,0.25
408375.09,87275.04,509.77,0.17
408375.09,87275.04,508.77,0.18
408375.09,87275.04,507.77,0.55
408375.09,87275.04,506.77,1.45
408374.97,87300.12,531.38,1.3
408374.97,87300.12,530.38,1.7
408374.97,87300.12,529.38,2.07
408374.97,87300.12,528.38,1.59
408374.97,87300.12,527.38,0.34
408374.97,87300.12,526.38,0.5
408374.97,87300.12,525.38,0.87
408374.97,87300.12,524.38,0.74
408374.97,87300.12,523.38,0.33
408374.97,87300.12,522.38,0.21
408374.97,87300.12,521.38,0.23
408374.97,87300.12,520.38,0.34
408374.97,87300.12,519.38,0.16
408374.97,87300.12,518.38,0.18
408374.97,87300.12,517.38,0.14
408374.97,87300.12,516.38,0.2
408400.84,87327.05,530.11,0.55
408400.84,87327.05,529.11,0.73
408400.84,87327.05,528.11,0.73
408400.84,87327.05,527.11,1.09
408400.84,87327.05,526.11,0.93
408400.84,87327.05,525.11,1.15
408400.84,87327.05,524.11,1.45
408400.84,87327.05,523.11,1.07
408400.84,87327.05,522.11,0.88
408400.84,87327.05,521.11,0.68
408400.84,87327.05,520.11,0.51
408400.84,87327.05,519.11,0.53
408400.84,87327.05,518.11,0.29
408400.84,87327.05,517.11,0.18
408400.84,87327.05,516.11,0.13
408400.84,87327.05,515.11,0.13
408400.84,87327.05,514.11,0.13
408400.84,87327.05,513.11,0.09
408400.84,87327.05,512.11,0.24
408400.84,87327.05,511.11,0.17
408400.84,87327.05,510.11,0.08
408400.84,87327.05,509.11,0.07
408399.47,87350.15,526.14,0.87
408399.47,87350.15,525.14,0.68
408399.47,87350.15,524.14,0.81
408399.47,87350.15,523.14,0.47
408399.47,87350.15,522.14,0.98
408399.47,87350.15,521.14,0.64
408399.47,87350.15,520.14,0.97
408399.47,87350.15,519.14,1.18
408399.47,87350.15,518.14,2.05
408399.47,87350.15,517.14,2.25
408399.47,87350.15,516.14,1.88
408399.47,87350.15,515.14,0.57
408399.47,87350.15,514.14,1.47
408399.47,87350.15,513.14,1.11
408399.47,87350.15,512.14,1.69
408399.47,87350.15,511.14,2.08
408399.47,87350.15,510.14,1.25
408399.47,87350.15,509.14,1.44
408399.47,87350.15,508.14,1.03
408399.47,87350.15,507.14,1.48
408399.47,87350.15,506.14,1.43
408399.47,87350.15,505.14,2.02
408399.47,87350.15,504.14,2.07
408399.47,87350.15,503.14,2.05
408399.47,87350.15,502.14,0.65
408400.03,87377.16,519.9,0.65
408400.03,87377.16,518.9,1.14
408400.03,87377.16,517.9,1.53
408400.03,87377.16,516.9,1.38
408400.03,87377.16,515.9,2.45
408400.03,87377.16,514.9,2.16
408400.03,87377.16,513.9,1.68
408400.03,87377.16,512.9,1.26
408400.03,87377.16,511.9,1.02
408400.03,87377.16,510.9,0.53
408400.03,87377.16,509.9,0.55
408400.03,87377.16,508.9,1
408400.03,87377.16,507.9,1.75
408400.03,87377.16,506.9,1.04
408400.03,87377.16,505.9,1.42
408400.03,87377.16,504.9,1.32
408400.03,87377.16,503.9,0.45
408400.03,87377.16,502.9,0.12
408400.03,87377.16,501.9,0.22
408399.72,87149.52,516.96,0.85
408399.72,87149.52,515.96,0.71
408399.72,87149.52,514.96,0.84
408399.72,87149.52,513.96,1.54
408399.72,87149.52,512.96,2.4
408399.72,87149.52,511.96,1.95
408399.72,87149.52,510.96,1.24
408399.72,87149.52,509.96,1.4
408399.72,87149.52,508.96,1.51
408399.72,87149.52,507.96,1.67
408399.72,87149.52,506.96,1.74
408399.72,87149.52,505.96,1.57
408399.72,87149.52,504.96,1.55
408399.72,87149.52,503.96,2.21
408399.72,87149.52,502.96,1.4
408399.72,87149.52,501.96,2.29
408399.72,87149.52,500.96,2.03
408399.72,87149.52,499.96,2.33
408399.72,87149.52,498.96,2.21
408399.72,87149.52,497.96,1.69
408399.72,87149.52,496.96,0.97
408399.72,87149.52,495.96,0.57
408399.72,87149.52,494.96,1.16
408399.72,87149.52,493.96,1.78
408399.72,87149.52,492.96,0.68
408398,87176.48,512.97,2.66
408398,87176.48,511.97,3.31
408398,87176.48,510.97,3.66
408398,87176.48,509.97,2.77
408398,87176.48,508.97,2.02
408398,87176.48,507.97,2.3
408398,87176.48,506.97,2.59
408398,87176.48,505.97,1.62
408398,87176.48,504.97,1.85
408398,87176.48,503.97,2.08
408398,87176.48,502.97,2
408398,87176.48,501.97,2.28
408398,87176.48,500.97,2.23
408398,87176.48,499.97,0.35
408398,87176.48,498.97,1.68
408398,87176.48,497.97,1.89
408398,87176.48,496.97,2.01
408398,87176.48,495.97,1.83
408398,87176.48,494.97,2.46
408398,87176.48,493.97,2.5
408398,87176.48,492.97,2.21
408398,87176.48,491.97,1.52
408398,87176.48,490.97,0.53
408398,87176.48,489.97,0.51
408398,87176.48,488.97,0.3
408398.59,87199.88,517.62,0.93
408398.59,87199.88,516.62,0.93
408398.59,87199.88,515.62,1.02
408398.59,87199.88,514.62,1.58
408398.59,87199.88,513.62,1.52
408398.59,87199.88,512.62,1.14
408398.59,87199.88,511.62,1.31
408398.59,87199.88,510.62,0.83
408398.59,87199.88,509.62,1.31
408398.59,87199.88,508.62,1.79
408398.59,87199.88,507.62,1.93
408398.59,87199.88,506.62,2.6
408398.59,87199.88,505.62,2.63
408398.59,87199.88,504.62,2.32
408398.59,87199.88,503.62,2.5
408398.59,87199.88,502.62,2.11
408398.59,87199.88,501.62,1.02
408398.59,87199.88,500.62,1.19
408398.59,87199.88,499.62,1.22
408398.59,87199.88,498.62,1.03
408398.59,87199.88,497.62,0.32
408398.59,87199.88,496.62,0.36
408398.59,87199.88,495.62,0.25
408398.59,87199.88,494.62,0.25
408398.59,87199.88,493.62,0.31
408399.41,87225.96,522.82,1.04
408399.41,87225.96,521.82,1.09
408399.41,87225.96,520.82,0.98
408399.41,87225.96,519.82,0.79
408399.41,87225.96,518.82,1.03
408399.41,87225.96,517.82,0.93
408399.41,87225.96,516.82,0.86
408399.41,87225.96,515.82,0.8
408399.41,87225.96,514.82,0.9
408399.41,87225.96,513.82,1.9
408399.41,87225.96,512.82,0.47
408399.41,87225.96,511.82,0.08
408399.41,87225.96,510.82,2.47
408399.41,87225.96,509.82,3.34
408399.41,87225.96,508.82,2.24
408399.41,87225.96,507.82,1.93
408399.41,87225.96,506.82,1.51
408399.41,87225.96,505.82,0.38
408399.41,87225.96,504.82,0.14
408399.41,87225.96,503.82,0.18
408399.41,87225.96,502.82,0.16
408399.41,87225.96,501.82,0.51
408399.41,87225.96,500.82,0.23
408399.41,87225.96,499.82,0.53
408399.41,87225.96,498.82,1.35
408400.03,87249.02,525.43,0.77
408400.03,87249.02,524.43,1.01
408400.03,87249.02,523.43,1.29
408400.03,87249.02,522.43,1.25
408400.03,87249.02,521.43,1.1
408400.03,87249.02,520.43,1.06
408400.03,87249.02,519.43,1.54
408400.03,87249.02,518.43,1.62
408400.03,87249.02,517.43,0.68
408400.03,87249.02,516.43,0.62
408400.03,87249.02,515.43,1.25
408400.03,87249.02,514.43,0.99
408400.03,87249.02,513.43,0.57
408400.03,87249.02,512.43,1.26
408400.03,87249.02,511.43,0.46
408400.03,87249.02,510.43,0.64
408400.03,87249.02,509.43,1.35
408400.03,87249.02,508.43,1.68
408400.03,87249.02,507.43,1.93
408400.03,87249.02,506.43,1.65
408400.03,87249.02,505.43,0.2
408400.03,87249.02,504.43,0.78
408400.03,87249.02,503.43,0.87
408400.03,87249.02,502.43,0.72
408400.03,87249.02,501.43,1.46
408402.88,87276.28,529.38,0.96
408402.88,87276.28,528.38,1.15
408402.88,87276.28,527.38,0.93
408402.88,87276.28,526.38,1.13
408402.88,87276.28,525.38,1.24
408402.88,87276.28,524.38,1
408402.88,87276.28,523.38,1.36
408402.88,87276.28,522.38,1.04
408402.88,87276.28,521.38,1.01
408402.88,87276.28,520.38,1.84
408402.88,87276.28,519.38,2.47
408402.88,87276.28,518.38,1.96
408402.88,87276.28,517.38,0.99
408402.88,87276.28,516.38,1.16
408402.88,87276.28,515.38,0.23
408402.88,87276.28,514.38,0.49
408402.88,87276.28,513.38,0.85
408402.88,87276.28,512.38,0.71
408402.88,87276.28,511.38,0.45
408402.88,87276.28,510.38,0.19
408402.88,87276.28,509.38,0.12
408402.88,87276.28,508.38,0.2
408400.16,87299.96,531.97,1
408400.16,87299.96,530.97,0.99
408400.16,87299.96,529.97,0.99
408400.16,87299.96,528.97,1.22
408400.16,87299.96,527.97,1.45
408400.16,87299.96,526.97,1.61
408400.16,87299.96,525.97,0.36
408400.16,87299.96,524.97,1.01
408400.16,87299.96,523.97,1.2
408400.16,87299.96,522.97,0.81
408400.16,87299.96,521.97,0.32
408400.16,87299.96,520.97,0.38
408400.16,87299.96,519.97,0.21
408400.16,87299.96,518.97,0.23
408400.16,87299.96,517.97,0.38
408400.16,87299.96,516.97,0.19
408400.16,87299.96,515.97,0.18
408400.16,87299.96,514.97,0.16
408425.5,87324.96,533.12,0.79
408425.5,87324.96,532.12,0.7
408425.5,87324.96,531.12,1.58
408425.5,87324.96,530.12,1.26
408425.5,87324.96,529.12,1.7
408425.5,87324.96,528.12,0.53
408425.5,87324.96,527.12,0.38
408425.5,87324.96,526.12,0.3
408425.5,87324.96,525.12,0.2
408425.5,87324.96,524.12,0.19
408425.5,87324.96,523.12,0.23
408425.5,87324.96,522.12,0.24
408425.5,87324.96,521.12,0.27
408425.5,87324.96,520.12,0.22
408425.5,87324.96,519.12,0.21
408425.5,87324.96,518.12,0.37
408425.5,87324.96,517.12,0.19
408425.5,87324.96,516.12,0.25
408425.5,87324.96,515.12,0.5
408425.5,87324.96,514.12,0.43
408425.5,87324.96,513.12,0.38
408425.5,87324.96,512.12,0.36
408425.5,87324.96,511.12,0.17
408425.5,87324.96,510.12,0.15
408425.5,87324.96,509.12,0.15
408425.38,87350.24,530.71,0.78
408425.38,87350.24,529.71,0.66
408425.38,87350.24,528.71,0.45
408425.38,87350.24,527.71,0.31
408425.38,87350.24,526.71,0.68
408425.38,87350.24,525.71,0.55
408425.38,87350.24,524.71,1.03
408425.38,87350.24,523.71,1.42
408425.38,87350.24,522.71,1.89
408425.38,87350.24,521.71,1.74
408425.38,87350.24,520.71,1.25
408425.38,87350.24,519.71,1.58
408425.38,87350.24,518.71,1.73
408425.38,87350.24,517.71,1.58
408425.38,87350.24,516.71,0.97
408425.38,87350.24,515.71,0.25
408425.38,87350.24,514.71,0.24
408425.38,87350.24,513.71,0.47
408425.38,87350.24,512.71,0.46
408423.88,87375.02,525.02,0.66
408423.88,87375.02,524.02,0.88
408423.88,87375.02,523.02,1.09
408423.88,87375.02,522.02,0.93
408423.88,87375.02,521.02,1.05
408423.88,87375.02,520.02,0.64
408423.88,87375.02,519.02,1.12
408423.88,87375.02,518.02,0.73
408423.88,87375.02,517.02,2.07
408423.88,87375.02,516.02,0.63
408423.88,87375.02,515.02,1.61
408423.88,87375.02,514.02,1.81
408423.88,87375.02,513.02,1.71
408423.88,87375.02,512.02,1.27
408423.88,87375.02,511.02,1.27
408423.88,87375.02,510.02,0.72
408423.88,87375.02,509.02,0.77
408423.88,87375.02,508.02,1.25
408423.88,87375.02,507.02,1.9
408423.88,87375.02,506.02,1.37
408423.88,87375.02,505.02,0.25
408423.88,87375.02,504.02,0.2
408423.88,87375.02,503.02,0.32
408423.88,87375.02,502.02,0.2
408423.88,87375.02,501.02,0.35
408424.88,87149.3,509.19,1.2
408424.88,87149.3,508.19,0.93
408424.88,87149.3,507.19,1.18
408424.88,87149.3,506.19,2.8
408424.88,87149.3,505.19,3.08
408424.88,87149.3,504.19,2.27
408424.88,87149.3,503.19,1.34
408424.88,87149.3,502.19,1.56
408424.88,87149.3,501.19,1.82
408424.88,87149.3,500.19,2.78
408424.88,87149.3,499.19,2.63
408424.88,87149.3,498.19,2.26
408424.88,87149.3,497.19,1.52
408424.88,87149.3,496.19,0.85
408424.88,87149.3,495.19,1.23
408424.88,87149.3,494.19,1.4
408424.88,87149.3,493.19,2.49
408424.88,87149.3,492.19,1.74
408424.88,87149.3,491.19,1.62
408424.88,87149.3,490.19,2.23
408424.88,87149.3,489.19,1.54
408424.88,87149.3,488.19,1.02
408424.88,87149.3,487.19,1.42
408424.88,87149.3,486.19,1.51
408424.88,87149.3,485.19,0.5
408424.88,87149.3,484.19,0.67
408425.22,87175.51,506.7,0.87
408425.22,87175.51,505.7,0.97
408425.22,87175.51,504.7,1.49
408425.22,87175.51,503.7,2.86
408425.22,87175.51,502.7,2.28
408425.22,87175.51,501.7,1.92
408425.22,87175.51,500.7,2.56
408425.22,87175.51,499.7,2.36
408425.22,87175.51,498.7,2.36
408425.22,87175.51,497.7,2.41
408425.22,87175.51,496.7,1.45
408425.22,87175.51,495.7,2.09
408425.22,87175.51,494.7,2.92
408425.22,87175.51,493.7,2.14
408425.22,87175.51,492.7,0.43
408425.22,87175.51,491.7,0.85
408425.22,87175.51,490.7,1.14
408425.22,87175.51,489.7,0.61
408425.22,87175.51,488.7,1.32
408425.22,87175.51,487.7,0.43
408425.22,87175.51,486.7,1.3
408425.22,87175.51,485.7,0.26
408425.22,87175.51,484.7,0.18
408425.22,87175.51,483.7,0.7
408425.22,87175.51,482.7,1.44
408425.22,87175.51,481.7,0.86
408425.03,87199.96,513.17,0.78
408425.03,87199.96,512.17,1.24
408425.03,87199.96,511.17,2.06
408425.03,87199.96,510.17,2.48
408425.03,87199.96,509.17,2.33
408425.03,87199.96,508.17,2.68
408425.03,87199.96,507.17,2.71
408425.03,87199.96,506.17,2.62
408425.03,87199.96,505.17,2.01
408425.03,87199.96,504.17,2.07
408425.03,87199.96,503.17,2.12
408425.03,87199.96,502.17,1.55
408425.03,87199.96,501.17,1.07
408425.03,87199.96,500.17,0.83
408425.03,87199.96,499.17,0.54
408425.03,87199.96,498.17,0.3
408425.03,87199.96,497.17,0.28
408425.03,87199.96,496.17,0.27
408425.03,87199.96,495.17,1.66
408425.03,87199.96,494.17,1.07
408425.03,87199.96,493.17,1.06
408425.03,87199.96,492.17,1.54
408425.03,87199.96,491.17,1.16
408425.03,87199.96,490.17,1.41
408425.03,87199.96,489.17,1.66
408425.34,87224.99,519.44,0.86
408425.34,87224.99,518.44,0.89
408425.34,87224.99,517.44,0.75
408425.34,87224.99,516.44,0.97
408425.34,87224.99,515.44,0.73
408425.34,87224.99,514.44,0.64
408425.34,87224.99,513.44,0.71
408425.34,87224.99,512.44,0.94
408425.34,87224.99,511.44,1.13
408425.34,87224.99,510.44,1.14
408425.34,87224.99,509.44,1.18
408425.34,87224.99,508.44,1.41
408425.34,87224.99,507.44,1.52
408425.34,87224.99,506.44,2.92
408425.34,87224.99,505.44,2.35
408425.34,87224.99,504.44,2.65
408425.34,87224.99,503.44,0.39
408425.34,87224.99,502.44,0.6
408425.34,87224.99,501.44,0.16
408425.34,87224.99,500.44,0.47
408424.94,87248.76,521.3,1.17
408424.94,87248.76,520.3,0.96
408424.94,87248.76,519.3,2.2
408424.94,87248.76,518.3,2.59
408424.94,87248.76,517.3,2.51
408424.94,87248.76,516.3,1.4
408424.94,87248.76,515.3,1.44
408424.94,87248.76,514.3,2.17
408424.94,87248.76,513.3,1.8
408424.94,87248.76,512.3,2.1
408424.94,87248.76,511.3,2.04
408424.94,87248.76,510.3,1.03
408424.94,87248.76,509.3,1.82
408424.94,87248.76,508.3,1.1
408424.94,87248.76,507.3,0.97
408424.94,87248.76,506.3,0.19
408424.94,87248.76,505.3,0.41
408424.94,87248.76,504.3,0.34
408424.94,87248.76,503.3,0.23
408424.34,87274.86,526.17,0.87
408424.34,87274.86,525.17,1.19
408424.34,87274.86,524.17,1.06
408424.34,87274.86,523.17,1.1
408424.34,87274.86,522.17,1.09
408424.34,87274.86,521.17,4.11
408424.34,87274.86,520.17,3.84
408424.34,87274.86,519.17,3.11
408424.34,87274.86,518.17,1.46
408424.34,87274.86,517.17,0.97
408424.34,87274.86,516.17,2.79
408424.34,87274.86,515.17,2.44
408424.34,87274.86,514.17,2.55
408424.34,87274.86,513.17,2.7
408424.34,87274.86,512.17,1.69
408424.34,87274.86,511.17,0.61
408424.34,87274.86,510.17,1.06
408424.72,87299.96,530.76,1.08
408424.72,87299.96,529.76,1
408424.72,87299.96,528.76,1.15
408424.72,87299.96,527.76,1.1
408424.72,87299.96,526.76,1.21
408424.72,87299.96,525.76,1.27
408424.72,87299.96,524.76,0.71
408424.72,87299.96,523.76,1.53
408424.72,87299.96,522.76,0.87
408424.72,87299.96,521.76,1.17
408424.72,87299.96,520.76,1.47
408424.72,87299.96,519.76,1.55
408424.72,87299.96,518.76,0.33
408424.72,87299.96,517.76,0.15
408424.72,87299.96,516.76,0.75
408424.72,87299.96,515.76,0.3
408424.72,87299.96,514.76,0.28
408424.72,87299.96,513.76,0.34
408424.72,87299.96,512.76,0.3
408424.72,87299.96,511.76,0.37
408424.72,87299.96,510.76,0.21
408450.5,87324.14,533.97,0.96
408450.5,87324.14,532.97,1.16
408450.5,87324.14,531.97,1.26
408450.5,87324.14,530.97,1.3
408450.5,87324.14,529.97,0.99
408450.5,87324.14,528.97,0.36
408450.5,87324.14,527.97,0.9
408450.5,87324.14,526.97,1.77
408450.5,87324.14,525.97,1.7
408450.5,87324.14,524.97,1.49
408450.5,87324.14,523.97,1.45
408450.5,87324.14,522.97,1.86
408450.5,87324.14,521.97,2.5
408450.5,87324.14,520.97,2.38
408450.5,87324.14,519.97,2.22
408450.5,87324.14,518.97,1.8
408450.5,87324.14,517.97,0.71
408450.5,87324.14,516.97,0.99
408450.5,87324.14,515.97,0.72
408450.5,87324.14,514.97,0.14
408450.5,87324.14,513.97,0.54
408450.5,87324.14,512.97,0.35
408450.5,87324.14,511.97,0.34
408450.5,87324.14,510.97,0.11
408449.97,87350.28,535.8,1.18
408449.97,87350.28,534.8,1.52
408449.97,87350.28,533.8,0.39
408449.97,87350.28,532.8,0.51
408449.97,87350.28,531.8,1.39
408449.97,87350.28,530.8,1.23
408449.97,87350.28,529.8,1.38
408449.97,87350.28,528.8,1.2
408449.97,87350.28,527.8,0.16
408449.97,87350.28,526.8,0.51
408449.97,87350.28,525.8,0.21
408449.97,87350.28,524.8,0.16
408449.97,87350.28,523.8,0.18
408449.97,87350.28,522.8,0.22
408449.97,87350.28,521.8,0.26
408449.97,87350.28,520.8,0.26
408449.97,87350.28,519.8,0.35
408449.97,87350.28,518.8,1.18
408449.97,87350.28,517.8,0.19
408449.97,87350.28,516.8,0.18
408449.97,87350.28,515.8,0.2
408449.97,87350.28,514.8,0.17
408449.97,87350.28,513.8,0.19
408449.22,87376.84,528.12,0.99
408449.22,87376.84,527.12,1.19
408449.22,87376.84,526.12,1.2
408449.22,87376.84,525.12,1.2
408449.22,87376.84,524.12,1.17
408449.22,87376.84,523.12,1.18
408449.22,87376.84,522.12,1.23
408449.22,87376.84,521.12,1.03
408449.22,87376.84,520.12,1.24
408449.22,87376.84,519.12,1.62
408449.22,87376.84,518.12,0.95
408449.22,87376.84,517.12,1.01
408449.22,87376.84,516.12,0.93
408449.22,87376.84,515.12,0.07
408449.22,87376.84,514.12,0.09
408449.22,87376.84,513.12,0.13
408449.22,87376.84,512.12,0.15
408449.22,87376.84,511.12,0.08
408449.22,87376.84,510.12,0.04
408449.22,87376.84,509.12,0.07
408449.22,87376.84,508.12,0.06
408450.25,87149.42,507.87,0.82
408450.25,87149.42,506.87,1.19
408450.25,87149.42,505.87,1.4
408450.25,87149.42,504.87,1.4
408450.25,87149.42,503.87,1.64
408450.25,87149.42,502.87,2.35
408450.25,87149.42,501.87,0.73
408450.25,87149.42,500.87,1.73
408450.25,87149.42,499.87,2.63
408450.25,87149.42,498.87,2.32
408450.25,87149.42,497.87,1.69
408450.25,87149.42,496.87,1.28
408450.25,87149.42,495.87,0.51
408450.25,87149.42,494.87,1.1
408450.25,87149.42,493.87,1.02
408450.25,87149.42,492.87,0.27
408450.25,87149.42,491.87,0.35
408450.25,87149.42,490.87,0.44
408450.25,87149.42,489.87,0.81
408450.25,87149.42,488.87,0.19
408450.25,87149.42,487.87,0.19
408450.25,87149.42,486.87,0.25
408450.25,87149.42,485.87,0.59
408450.25,87149.42,484.87,0.67
408450.25,87149.42,483.87,0.77
408447.63,87174.37,511.08,1.26
408447.63,87174.37,510.08,1.16
408447.63,87174.37,509.08,1.14
408447.63,87174.37,508.08,1.89
408447.63,87174.37,507.08,1.71
408447.63,87174.37,506.08,1.85
408447.63,87174.37,505.08,1.5
408447.63,87174.37,504.08,2.12
408447.63,87174.37,503.08,2.08
408447.63,87174.37,502.08,2.48
408447.63,87174.37,501.08,2.82
408447.63,87174.37,500.08,2.85
408447.63,87174.37,499.08,2.25
408447.63,87174.37,498.08,1.88
408447.63,87174.37,497.08,1.59
408447.63,87174.37,496.08,1.93
408447.63,87174.37,495.08,1.24
408447.63,87174.37,494.08,1.49
408447.63,87174.37,493.08,1.87
408447.63,87174.37,492.08,1.66
408447.63,87174.37,491.08,0.33
408447.63,87174.37,490.08,0.2
408447.63,87174.37,489.08,0.2
408447.63,87174.37,488.08,0.15
408447.63,87174.37,487.08,0.22
408450.13,87199.98,508.94,0.92
408450.13,87199.98,507.94,0.98
408450.13,87199.98,506.94,1.11
408450.13,87199.98,505.94,1.36
408450.13,87199.98,504.94,0.89
408450.13,87199.98,503.94,1.49
408450.13,87199.98,502.94,1.78
408450.13,87199.98,501.94,1.28
408450.13,87199.98,500.94,1.29
408450.13,87199.98,499.94,1.7
408450.13,87199.98,498.94,2.19
408450.13,87199.98,497.94,1.68
408450.13,87199.98,496.94,0.53
408450.13,87199.98,495.94,0.23
408450.13,87199.98,494.94,0.62
408450.13,87199.98,493.94,1.09
408450.13,87199.98,492.94,0.27
408450.13,87199.98,491.94,0.82
408450.13,87199.98,490.94,0.23
408452.06,87224.64,512.06,0.84
408452.06,87224.64,511.06,0.81
408452.06,87224.64,510.06,1.27
408452.06,87224.64,509.06,1.55
408452.06,87224.64,508.06,1.38
408452.06,87224.64,507.06,1.06
408452.06,87224.64,506.06,0.84
408452.06,87224.64,505.06,0.49
408452.06,87224.64,504.06,1.2
408452.06,87224.64,503.06,0.64
408452.06,87224.64,502.06,0.24
408452.06,87224.64,501.06,0.47
408452.06,87224.64,500.06,0.78
408452.06,87224.64,499.06,0.69
408452.06,87224.64,498.06,0.76
408452.06,87224.64,497.06,0.46
408452.06,87224.64,496.06,0.59
408452.06,87224.64,495.06,0.37
408452.06,87224.64,494.06,1.46
408452.06,87224.64,493.06,1.7
408452.06,87224.64,492.06,2.24
408452.06,87224.64,491.06,1.37
408452.06,87224.64,490.06,2.15
408452.06,87224.64,489.06,1.83
408452.06,87224.64,488.06,2.17
408449.63,87248.82,515.8,0.9
408449.63,87248.82,514.8,1.09
408449.63,87248.82,513.8,1.15
408449.63,87248.82,512.8,1.22
408449.63,87248.82,511.8,1.09
408449.63,87248.82,510.8,1.14
408449.63,87248.82,509.8,1.12
408449.63,87248.82,508.8,0.35
408449.63,87248.82,507.8,0.99
408449.63,87248.82,506.8,1.2
408449.63,87248.82,505.8,0.68
408449.63,87248.82,504.8,0.76
408449.63,87248.82,503.8,1.12
408449.63,87248.82,502.8,1.7
408449.63,87248.82,501.8,2.25
408449.63,87248.82,500.8,2.14
408449.63,87248.82,499.8,1.35
408449.63,87248.82,498.8,1.49
408449.63,87248.82,497.8,1.87
408449.63,87248.82,496.8,1.86
408449.63,87248.82,495.8,1.69
408449.63,87248.82,494.8,1.59
408449.63,87248.82,493.8,2.14
408449.63,87248.82,492.8,0.71
408449.63,87248.82,491.8,1.35
408449.63,87273.68,520.76,1.17
408449.63,87273.68,519.76,1.35
408449.63,87273.68,518.76,1.46
408449.63,87273.68,517.76,1.75
408449.63,87273.68,516.76,1.58
408449.63,87273.68,515.76,1.33
408449.63,87273.68,514.76,1.73
408449.63,87273.68,513.76,1.82
408449.63,87273.68,512.76,1.82
408449.63,87273.68,511.76,1.35
408449.63,87273.68,510.76,0.77
408449.63,87273.68,509.76,0.07
408449.63,87273.68,508.76,0.56
408449.63,87273.68,507.76,0.84
408449.63,87273.68,506.76,0.31
408449.63,87273.68,505.76,0.09
408449.63,87273.68,504.76,0.14
408449.88,87299.79,528.43,0.85
408449.88,87299.79,527.43,0.86
408449.88,87299.79,526.43,0.54
408449.88,87299.79,525.43,1.3
408449.88,87299.79,524.43,1.65
408449.88,87299.79,523.43,1.19
408449.88,87299.79,522.43,0.64
408449.88,87299.79,521.43,1.11
408449.88,87299.79,520.43,2.17
408449.88,87299.79,519.43,1.26
408449.88,87299.79,518.43,1.51
408449.88,87299.79,517.43,0.82
408449.88,87299.79,516.43,0.27
408449.88,87299.79,515.43,0.38
408449.88,87299.79,514.43,0.31
408449.88,87299.79,513.43,0.65
408449.88,87299.79,512.43,0.49
408449.88,87299.79,511.43,0.18
408449.88,87299.79,510.43,0.54
408449.88,87299.79,509.43,0.14
408449.88,87299.79,508.43,0.29
408449.88,87299.79,507.43,0.41
408449.88,87299.79,506.43,0.36
408449.88,87299.79,505.43,0.35
408449.88,87299.79,504.43,0.19
